

INSERT INTO `casa_disco2`.`genere_musicale`
(`idgenere`,`nome`)
VALUES
(1,'Acid jazz'),
(2,'Blues'),
(3,'Black Metal'),
(4,'Chemical Be'),
(5,'Country'),
(6,'Crossover'),
(7,'Dark'),
(8,'Death Metal'),
(9,'Epic Metal'),
(10,'Folk'),
(11,'Funky'),
(12,'Glam Rock'),
(13,'Gospel'),
(14,'Grunge'),
(15,'Hard Core'),
(16,'discoteca'),
(17,'Hard Rock'),
(18,'Hip-Hop'),
(19,'Industrial'),
(20,'Jazz'),
(21,'Liscio'),
(22,'Metal'),
(23,'Metalprogre'),
(24,'Rockprogres'),
(25,'Musica clas'),
(26,'Musica danc'),
(27,'New-Wave'),
(28,'Noise'),
(29,'Pop'),
(30,'Pop italian'),
(31,'Progressive'),
(32,'Psichedelia'),
(33,'Punk Rock'),
(34,'Revival da '),
(35,'Rock\'n\'roll'),
(36,'SKA'),
(37,'Thrash'),
(38,'Underground');


INSERT INTO `casa_disco2`.`cliente`
(`idcliente`,`nome`,`cognome`,`data`,`genere_musicale`)
VALUES
(1,'Cyrstal','Catanzaro','1999-04-30',20),
(2,'Ayanna','Veach','2001-12-27',17),
(3,'Johnsie','Bermeo','1963-08-02',20),
(4,'Gema','Haring','1989-10-22',26),
(5,'Jonah','Blanding','1967-03-03',32),
(6,'Pamela','Longshore','1986-02-13',6),
(7,'Deloris','Marchi','1985-01-31',8),
(8,'Yoshie','Linde','1988-05-26',20),
(9,'Maynard','Folks','1989-09-09',4),
(10,'September','Rhoda','1974-05-19',20),
(11,'Rosaura','Ketelsen','1970-03-19',6),
(12,'Griselda','Kopczynski','2000-06-24',27),
(13,'Desiree','Waddell','1963-04-19',16),
(14,'Albina','Casanova','1982-12-18',16),
(15,'Nicola','Bruneau','1963-04-24',31),
(16,'Bessie','Woolley','1974-08-29',21),
(17,'Cassaundra','Stucker','1984-12-15',21),
(18,'Eugena','Marden','1982-03-01',26),
(19,'Stefani','Birch','1978-08-18',9),
(20,'Shirely','Yarnall','1977-02-20',37),
(21,'Darrin','Collom','1993-05-16',23),
(22,'Neil','Knowlton','1990-02-15',16),
(23,'Shaunta','Mcgaha','1993-05-20',22),
(24,'Phillip','Planck','1976-11-15',13),
(25,'Kate','Pratico','1968-12-03',34),
(26,'Marketta','Jeanbaptiste','1989-02-24',31),
(27,'Ferdinand','Thibodeau','1961-11-01',28),
(28,'Ellen','Archuleta','1992-04-28',30),
(29,'Madonna','Emmett','1985-08-29',20),
(30,'Ed','Breaux','1961-06-10',8);





 INSERT INTO `casa_disco2`.`artista`
(`idartista`,`nome`,`cognome`,`eta`,`genere_musicale`,`costo_ingaggio`)
VALUES
(1,'Lorraine','Ali',37,5,1600),
(2,'Harry','Allen',39,32,1960),
(3,'Hilton','Als',70,2,1514),
(4,'Billy','Altman',51,23,1033),
(5,'Gina','Arnold',72,14,1386),
(6,'Michael','Azerrad',74,10,1590),
(7,'Lester','Bangs',53,22,1803),
(8,'Vladimir','Bogdanov',57,35,1677),
(9,'Jennifer','Lopez',54,24,1965),
(10,'Wayne','Brooks',53,32,1183),
(11,'Lady','Gaga',37,20,1644),
(12,'Sting','Sting',64,6,1295),
(13,'Sam','Smith',61,35,1448),
(14,'Madonna','Madonna',25,17,1077),
(15,'Dana Fuchs','Fuchs',41,9,1120),
(16,'Dennis','Ferrer',74,36,1778),
(17,'Ne-yo','Ne-yo',41,34,1407),
(18,'Neiked','Neiked',47,14,1842),
(19,'Neil','Diamond',70,27,1779),
(20,'Neil','Sedaka',37,20,1573),
(21,'Neil','Young',74,4,1311),
(22,'Nelly','Nelly',50,30,1213),
(23,'Ed','Sheeran',64,9,1630),
(24,'Eddie','Thoneick',50,5,1654),
(25,'Eddie','Vedder',75,14,1479),
(26,'Edith','Piaf',25,30,1916),
(27,'Camila','Cabello',55,17,1432),
(28,'Capleton','Capleton',52,36,1910);































INSERT INTO `casa_disco2`.`autore`
(`idautore`,`artista`)
VALUES
(1,1),
(2,2),
(3,3),
(4,4),
(5,5),
(6,6),
(7,7),
(8,8),
(9,9),
(10,10),
(11,11),
(12,12),
(13,13),
(14,14);


INSERT INTO `casa_disco2`.`cantante`
(`idcantante`,`artista`)
VALUES
(1,15),
(2,16),
(3,17),
(4,18),
(5,19),
(6,20),
(7,21),
(8,22),
(9,23),
(10,24),
(11,25),
(12,26),
(13,27),
(14,28),
(15,11),
(16,12),
(17,13),
(18,14);

 

 INSERT INTO `casa_disco2`.`canzone`
(`idcanzone`,`titolo`,`anno_produzione`,`costo`,`genere_musicale`,`autore`)
VALUES
(1,'Shallow',2003,3,29,11),
(2,'Let Nature Sing',2003,2,29,11),
(3,'Bad Romance',2003,3,29,11),
(4,'Poker Face',2003,1,29,11),
(5,'I\'ll Never Love Again',2003,1,29,11),
(6,'Always Remember Us This Way',2003,3,29,11),
(7,'Alejandro',2003,2,29,11),
(8,'Telephone',2003,2,29,11),
(9,'Just One Lifetime',2007,3,22,12),
(10,'Don\'t Make Me Wait',2007,2,22,12),
(11,'Fragile',2007,3,22,12),
(12,'Desert Rose',2007,2,22,12),
(13,'Fields Of Gold',2007,3,22,12),
(14,'Every Breath You Take',2007,2,22,12),
(15,'Shape Of My Heart',2007,3,22,12),
(16,'Roxanne',2007,1,22,12),
(17,'Englishman In New York',2007,3,22,12),
(18,'Dancing With A Stranger',2018,1,29,13),
(19,'Too Good At Goodbyes',2018,2,29,13),
(20,'Stay With Me',2018,2,29,13),
(21,'One Last Song ',2018,2,29,13),
(22,'I\'m Not The Only One',2018,3,29,13),
(23,'Writing\'s On The Wall',2018,3,29,13),
(24,'Lay Me Down',2018,2,29,13),
(25,'Like I Can',2018,1,29,13),
(26,'Nirvana',2018,1,29,13),
(27,'Money On My Mind',2018,1,29,13),
(28,'Medellin',2010,3,10,14),
(29,'I Rise',2010,1,10,14),
(30,'Frozen',2010,1,10,14),
(31,'La Isla Bonita',2010,1,10,14),
(32,'Hung Up ',2010,1,10,14),
(33,'Sorry ',2010,3,10,14),
(34,'4 Minutes ',2010,2,10,14),
(35,'Like A Prayer',2010,3,10,14),
(36,'My Heart Will Go On',1980,2,22,1),
(37,'The Power Of Love',1980,2,11,1),
(38,'Titanic',1980,3,2,1),
(39,'A New Day Has Come',1980,1,11,1),
(40,'All By Myself',1980,2,4,1),
(41,'Taking Chances',1980,1,5,1),
(42,'Because You Loved Me',1980,2,32,1),
(43,'I\'m Alive',1980,3,18,1),
(44,'La Forza Dell\'amore',1980,2,25,2),
(45,'That\'s The Way It Is',1980,2,33,2),
(46,'Pour Que Tu M\'aimes Encore',1980,1,20,2),
(47,'I Surrender',1980,3,29,2),
(48,'So This Is Christmas',1980,3,38,2),
(49,'The Best ',1985,3,6,2),
(50,'Simply The Best',1985,1,10,2),
(51,'We Don\'t Need Another Hero ',1985,2,34,3),
(52,'Nutbush City Limits ',1985,2,2,3),
(53,'Proud Mary ',1985,2,10,3),
(54,'Goldeneye ',1985,3,31,3),
(55,'Private Dancer ',1985,3,7,3),
(56,'Look Me In The Heart ',1985,2,11,3),
(57,'What\'s Love Got To Do With It ',1985,1,1,3),
(58,'Apologize',2003,1,37,4),
(59,'Give It To Me ',2003,1,1,4),
(60,'The Way I Are',2003,2,22,4),
(61,'If We Ever Meet Again ',2003,3,4,4),
(62,'Bounce',2003,2,20,4),
(63,'Apocalize',2003,1,17,4),
(64,'Morning After Dark ',2003,2,33,4),
(65,'Sexyback',2003,2,1,5),
(66,'She\'s Dangerous',2003,3,13,5),
(67,'It\'s Too Late',2003,1,38,5),
(68,'Hello ',2013,1,8,5),
(69,'Someone Like You ',2013,3,9,5),
(70,'Rolling In The Deep ',2013,3,21,5),
(71,'Skyfall ',2013,2,36,6),
(72,'Set Fire To The Rain ',2013,3,19,6),
(73,'Love In The Dark',2013,1,28,6),
(74,'Turning Tables ',2013,3,18,6),
(75,'One And Only ',2013,3,38,6),
(76,'Million Years Ago',2013,3,4,6),
(77,'Rumour Has It ',2013,1,36,6),
(78,'Don\'t You Remember ',2013,2,26,7),
(79,'I Miss You ',2013,1,13,7),
(80,'Chasing Pavements ',2013,3,27,7),
(81,'Never Really Over',2015,2,15,7),
(82,'Roar',2015,2,5,7),
(83,'Dark Horse',2015,2,13,7),
(84,'Firework',2015,2,11,7),
(85,'E.t.',2015,2,2,7),
(86,'Chained To The Rhythm ',2015,2,14,8),
(87,'Unconditionally',2015,3,28,8),
(88,'Last Friday Night',2015,3,15,8),
(89,'Hot N Cold',2015,3,15,8),
(90,'Wide Awake',2015,2,20,8),
(91,'Rise',2015,3,6,8),
(92,'Teenage Dream',2015,1,37,8),
(93,'Swish Swish',2015,2,38,8),
(94,'Because The Night',1976,2,13,8),
(95,'Frederick',1976,2,23,9),
(96,'People Have The Power',1976,2,17,9),
(97,'Ain\'t Strange',1976,3,2,9),
(98,'Horses',1976,3,25,9),
(99,'Sweet Jane',1976,2,12,10),
(100,'Dancing Barefoot',1976,3,24,10);

 
 
 
 
 
 INSERT INTO `casa_disco2`.`suona`
(`cantante`,`canzone`)
VALUES
(1,1),
(1,2),
(1,3),
(1,4),
(1,5),
(1,6),
(1,7),
(1,8),
(2,9),
(2,10),
(2,11),
(2,12),
(2,13),
(2,14),
(2,15),
(2,16),
(2,17),
(3,18),
(3,19),
(3,20),
(3,21),
(3,22),
(3,23),
(3,24),
(3,25),
(3,26),
(3,27),
(4,28),
(4,29),
(4,30),
(4,31),
(4,32),
(4,33),
(4,34),
(4,35),
(5,36),
(5,37),
(5,38),
(5,39),
(6,40),
(6,41),
(6,42),
(6,43),
(7,44),
(7,45),
(7,46),
(7,47),
(8,48),
(8,49),
(8,50),
(8,51),
(9,52),
(9,53),
(9,54),
(9,55),
(9,56),
(10,57),
(10,58),
(10,59),
(10,60),
(11,61),
(11,62),
(11,63),
(11,64),
(11,65),
(12,66),
(12,67),
(12,68),
(12,69),
(13,70),
(13,71),
(13,72),
(13,73),
(13,74),
(14,75),
(14,76),
(14,77),
(14,78),
(15,79),
(15,80),
(15,81),
(15,82),
(15,83),
(16,84),
(16,85),
(16,86),
(17,87),
(17,88),
(17,89),
(17,90),
(18,91),
(18,92),
(18,93),
(18,94);

 
 INSERT INTO `casa_disco2`.`album`
(`idalbum`,`titolo`,`anno`,`descrizione`,`prezzo`)
VALUES
(1,'Curtain Call (Deluxe)',2003,'descrizione1',16),
(2,'Losing Sleep',2007,'descrizione2',15),
(3,'This Is Acting (Deluxe Version)',2018,'descrizione3',15),
(4,'Dangerous',2010,'descrizione4',12),
(5,'EMOTION Side B',1980,'descrizione5',13),
(6,'Revival (Deluxe)',1985,'descrizione6',16),
(7,'Born to Die (Deluxe Edition)',2003,'descrizione7',16),
(8,'The Essential Michael Jackson',2013,'descrizione8',21),
(9,'Sweet Talker (Deluxe Version)',1980,'descrizione9',10),
(10,'You Are My Sunshine ',1985,'descrizione10',5);

INSERT INTO `casa_disco2`.`colleziona`
(`canzone`,`album`)
VALUES
(36,1),
(37,1),
(38,1),
(39,1),
(40,1),
(41,1),
(42,1),
(43,1),
(44,2),
(45,2),
(46,2),
(47,2),
(48,2),
(49,2),
(50,2),
(51,3),
(52,3),
(53,3),
(54,3),
(55,3),
(56,3),
(57,3),
(58,4),
(59,4),
(60,4),
(61,4),
(62,4),
(63,4),
(64,4),
(65,5),
(66,5),
(67,5),
(68,5),
(69,5),
(70,5),
(71,6),
(72,6),
(73,6),
(74,6),
(75,6),
(76,6),
(77,6),
(78,7),
(79,7),
(80,7),
(81,7),
(82,7),
(83,7),
(84,7),
(85,7),
(86,8),
(87,8),
(88,8),
(89,8),
(90,8),
(91,8),
(92,8),
(93,8),
(94,8),
(95,9),
(96,9),
(97,9),
(98,9),
(99,10),
(100,10);




INSERT INTO `casa_disco2`.`acquisto_album`
(`album`,`cliente`,`data`)
VALUES
(1,27,'2018-10-18'),
(1,19,'2018-03-06'),
(1,16,'2018-05-28'),
(1,22,'2018-02-07'),
(1,13,'2018-07-01'),
(1,9,'2018-09-08'),
(1,4,'2018-08-10'),
(1,15,'2018-07-17'),
(1,5,'2018-03-19'),
(1,14,'2018-01-08'),
(1,29,'2018-03-12'),
(1,11,'2018-12-14'),
(1,2,'2018-08-29'),
(2,24,'2018-01-04'),
(2,19,'2018-11-13'),
(2,5,'2018-09-27'),
(2,11,'2018-12-31'),
(2,26,'2018-10-14'),
(2,16,'2018-07-20'),
(2,8,'2018-01-07'),
(2,29,'2018-11-10'),
(2,28,'2018-03-12'),
(2,22,'2018-06-09'),
(2,9,'2018-11-17'),
(3,30,'2018-10-31'),
(3,18,'2018-06-14'),
(3,22,'2018-12-12'),
(3,24,'2018-01-25'),
(3,9,'2018-04-24'),
(3,29,'2018-10-01'),
(3,12,'2018-06-11'),
(3,15,'2018-02-08'),
(3,7,'2018-12-12'),
(3,11,'2018-05-31'),
(3,8,'2018-02-11'),
(4,12,'2018-06-06'),
(4,3,'2018-01-14'),
(4,20,'2018-09-14'),
(4,17,'2018-08-29'),
(4,16,'2018-07-28'),
(4,14,'2018-12-27'),
(4,7,'2019-01-01'),
(4,9,'2018-01-04'),
(5,10,'2018-06-18'),
(5,27,'2018-10-08'),
(5,7,'2018-05-13'),
(5,4,'2018-10-05'),
(5,6,'2018-01-12'),
(6,12,'2018-01-10'),
(6,25,'2018-10-28'),
(6,4,'2018-03-08'),
(6,29,'2018-06-27'),
(6,24,'2018-05-14'),
(6,18,'2018-10-18'),
(6,8,'2018-01-21'),
(6,16,'2018-06-11'),
(6,3,'2018-06-17'),
(6,2,'2018-09-15'),
(6,9,'2018-03-28'),
(6,7,'2018-06-07'),
(6,11,'2018-11-29'),
(6,30,'2018-03-23'),
(6,6,'2018-01-17'),
(6,19,'2018-04-29'),
(7,30,'2018-05-01'),
(7,15,'2018-02-07'),
(7,12,'2018-03-04'),
(7,18,'2018-03-27'),
(7,22,'2018-08-21'),
(7,20,'2018-01-04'),
(7,4,'2018-02-27'),
(7,9,'2018-07-26'),
(7,19,'2018-05-05'),
(7,21,'2018-06-24'),
(7,29,'2018-03-12'),
(7,16,'2018-07-07'),
(7,27,'2018-10-25'),
(8,25,'2018-01-10'),
(8,5,'2018-12-29'),
(8,23,'2018-09-08'),
(8,19,'2018-03-14'),
(8,24,'2018-07-20'),
(8,29,'2018-02-12'),
(8,17,'2018-01-22'),
(8,8,'2018-04-15'),
(8,18,'2018-04-18'),
(8,27,'2018-05-09'),
(8,28,'2018-05-11'),
(8,13,'2018-03-03'),
(8,11,'2018-02-17'),
(8,7,'2018-06-26'),
(8,26,'2018-02-11'),
(8,15,'2018-11-10'),
(8,3,'2018-01-01'),
(8,4,'2018-09-23'),
(9,6,'2018-04-27'),
(9,15,'2018-02-07'),
(9,9,'2018-06-21'),
(9,30,'2018-02-01'),
(9,4,'2018-06-06'),
(9,25,'2018-01-21'),
(9,18,'2018-08-04'),
(10,24,'2018-12-23'),
(10,1,'2018-06-13'),
(10,30,'2018-07-13'),
(10,11,'2018-01-21'),
(10,28,'2018-04-09'),
(10,6,'2018-04-04'),
(10,25,'2018-07-31'),
(10,14,'2018-10-13');


INSERT INTO `casa_disco2`.`acquisto_canzone`
(`canzone`,`cliente`,`data`)
VALUES
(1,21,'2018-07-28'),
(1,15,'2018-09-18'),
(1,18,'2018-12-02'),
(1,11,'2018-09-14'),
(1,30,'2018-10-19'),
(1,22,'2018-01-08'),
(1,13,'2018-12-13'),
(1,10,'2018-03-29'),
(1,23,'2018-05-23'),
(1,16,'2018-05-21'),
(1,19,'2018-01-31'),
(1,12,'2018-11-09'),
(2,30,'2018-11-08'),
(2,29,'2018-04-10'),
(3,27,'2018-09-19'),
(3,29,'2018-07-03'),
(3,19,'2018-02-02'),
(3,10,'2018-08-16'),
(3,26,'2018-02-10'),
(3,12,'2018-07-06'),
(3,20,'2018-04-03'),
(3,23,'2018-08-08'),
(3,25,'2018-04-09'),
(3,16,'2018-05-19'),
(3,30,'2018-04-25'),
(3,18,'2018-11-24'),
(4,30,'2018-10-13'),
(4,29,'2018-12-26'),
(4,27,'2018-07-11'),
(4,18,'2018-05-15'),
(5,22,'2018-09-08'),
(5,28,'2018-07-26'),
(5,25,'2018-08-07'),
(5,21,'2018-12-09'),
(5,11,'2018-02-18'),
(5,13,'2018-08-01'),
(5,24,'2018-05-04'),
(5,26,'2018-02-23'),
(5,27,'2018-03-25'),
(5,16,'2018-03-23'),
(5,20,'2018-09-13'),
(5,10,'2018-11-29'),
(6,21,'2018-01-07'),
(6,22,'2018-02-20'),
(6,27,'2018-06-03'),
(6,26,'2018-03-11'),
(6,24,'2018-08-11'),
(6,10,'2018-12-22'),
(6,12,'2018-12-24'),
(6,29,'2018-12-11'),
(6,19,'2018-08-22'),
(6,11,'2018-11-21'),
(7,14,'2018-09-18'),
(7,25,'2018-06-30'),
(7,16,'2018-05-05'),
(7,27,'2018-10-01'),
(7,21,'2018-01-23'),
(7,12,'2018-09-15'),
(7,11,'2018-05-20'),
(7,30,'2018-08-18'),
(7,20,'2018-08-12'),
(7,29,'2018-01-27'),
(7,13,'2018-04-22'),
(7,17,'2018-03-01'),
(7,23,'2018-02-10'),
(7,24,'2018-09-05'),
(7,19,'2018-02-19'),
(8,26,'2018-05-18'),
(8,15,'2018-05-27'),
(8,18,'2018-02-23'),
(8,22,'2018-06-08'),
(9,16,'2018-10-13'),
(9,17,'2018-12-26'),
(9,14,'2018-08-30'),
(9,20,'2018-07-04'),
(9,24,'2018-03-21'),
(9,30,'2018-11-03'),
(9,21,'2018-03-15'),
(10,30,'2019-01-01'),
(10,15,'2018-04-06'),
(10,17,'2018-05-31'),
(10,25,'2018-01-23'),
(10,27,'2018-11-21'),
(10,13,'2018-10-08'),
(10,20,'2018-01-28'),
(10,11,'2018-11-03'),
(10,18,'2018-12-03'),
(10,10,'2018-05-02'),
(10,19,'2018-11-17'),
(10,28,'2018-10-02'),
(10,29,'2018-10-19'),
(11,27,'2018-08-16'),
(12,29,'2018-06-21'),
(12,28,'2018-03-23'),
(12,24,'2018-01-31'),
(12,27,'2018-02-12'),
(12,13,'2018-09-29'),
(12,16,'2018-05-15'),
(12,22,'2018-11-15'),
(12,26,'2018-11-25'),
(12,21,'2018-04-14'),
(13,25,'2018-05-19'),
(13,26,'2018-10-06'),
(13,12,'2018-02-23'),
(13,20,'2018-04-13'),
(14,27,'2018-10-20'),
(14,21,'2018-11-02'),
(14,18,'2018-07-21'),
(14,19,'2018-06-01'),
(14,22,'2018-12-25'),
(14,13,'2018-12-11'),
(14,14,'2018-02-17'),
(14,11,'2018-01-22'),
(14,29,'2018-04-27'),
(14,25,'2018-06-16'),
(15,23,'2018-04-28'),
(15,13,'2018-07-10'),
(15,18,'2018-10-18'),
(15,19,'2018-03-15'),
(15,29,'2018-11-24'),
(15,25,'2018-05-28'),
(15,24,'2018-01-27'),
(15,16,'2018-06-11'),
(15,21,'2018-09-20'),
(15,27,'2018-01-26'),
(15,28,'2018-06-16'),
(16,18,'2018-08-11'),
(16,19,'2018-03-27'),
(16,23,'2018-01-31'),
(16,20,'2018-10-03'),
(16,12,'2018-05-03'),
(16,14,'2018-07-06'),
(16,22,'2018-06-01'),
(16,11,'2018-09-23'),
(16,15,'2018-09-04'),
(16,16,'2018-09-18'),
(16,27,'2018-04-29'),
(16,17,'2018-04-21'),
(17,27,'2018-09-24'),
(17,25,'2018-03-03'),
(17,28,'2018-09-05'),
(17,16,'2018-11-10'),
(17,12,'2018-05-06'),
(17,13,'2018-02-02'),
(17,30,'2018-07-13'),
(17,26,'2018-07-10'),
(17,24,'2018-05-25'),
(17,10,'2018-07-19'),
(17,29,'2018-10-22'),
(17,11,'2018-12-22'),
(18,11,'2018-12-14'),
(18,13,'2018-08-21'),
(18,20,'2018-06-20'),
(18,22,'2018-12-10'),
(18,14,'2018-05-30'),
(18,29,'2018-12-07'),
(18,17,'2018-09-17'),
(18,10,'2018-08-01'),
(18,30,'2018-09-09'),
(18,12,'2018-05-03'),
(18,27,'2018-03-29'),
(19,29,'2018-02-10'),
(19,16,'2018-01-14'),
(19,11,'2018-10-15'),
(19,13,'2018-03-25'),
(19,20,'2018-02-11'),
(19,17,'2018-03-12'),
(19,24,'2018-05-25'),
(19,27,'2018-01-31'),
(19,23,'2018-11-26'),
(19,22,'2018-06-04'),
(20,14,'2018-05-08'),
(20,10,'2018-11-04'),
(20,26,'2018-05-07'),
(20,24,'2018-05-27'),
(20,16,'2018-01-23'),
(20,30,'2018-03-13'),
(20,11,'2018-06-01'),
(20,20,'2018-02-20'),
(20,25,'2018-02-21'),
(20,21,'2018-11-05'),
(21,19,'2018-11-16'),
(21,14,'2018-07-07'),
(21,28,'2018-02-13'),
(21,18,'2018-12-29'),
(21,16,'2018-11-22'),
(21,20,'2018-04-10'),
(21,24,'2018-03-29'),
(21,15,'2018-10-03'),
(21,12,'2018-10-13'),
(21,27,'2018-07-16'),
(21,26,'2018-03-16'),
(21,25,'2018-02-15'),
(21,13,'2018-11-05'),
(21,29,'2018-08-08'),
(22,30,'2018-10-13'),
(22,17,'2018-12-21'),
(22,28,'2018-08-25'),
(22,19,'2018-09-18'),
(22,13,'2018-04-05'),
(22,14,'2018-03-05'),
(22,15,'2018-09-26'),
(22,22,'2018-11-07'),
(22,18,'2018-08-09'),
(23,14,'2018-11-13'),
(23,20,'2018-08-22'),
(23,13,'2018-06-17'),
(23,12,'2018-10-29'),
(23,27,'2018-04-04'),
(23,19,'2018-02-04'),
(23,15,'2018-12-18'),
(23,16,'2018-07-26'),
(24,17,'2018-11-17'),
(24,30,'2018-11-02'),
(25,29,'2018-02-18'),
(25,19,'2018-02-07'),
(25,30,'2018-10-26'),
(25,17,'2018-12-20'),
(26,26,'2018-06-04'),
(26,15,'2018-04-04'),
(26,21,'2018-06-07'),
(27,16,'2018-11-26'),
(27,12,'2018-02-18'),
(27,15,'2018-01-29'),
(27,28,'2018-12-10'),
(27,27,'2018-05-19'),
(27,29,'2018-07-06'),
(27,10,'2018-09-17'),
(27,22,'2018-04-02'),
(27,24,'2018-04-07'),
(27,25,'2018-07-11'),
(27,17,'2018-01-09'),
(28,13,'2018-03-08'),
(28,28,'2018-07-29'),
(28,30,'2018-09-03'),
(28,12,'2018-08-06'),
(28,27,'2018-08-06'),
(28,11,'2018-12-18'),
(28,26,'2018-07-10'),
(28,24,'2018-07-19'),
(28,10,'2018-01-16'),
(28,21,'2018-05-21'),
(29,11,'2018-01-27'),
(29,29,'2018-02-06'),
(29,26,'2018-04-08'),
(29,10,'2018-01-29'),
(30,20,'2018-08-14'),
(30,21,'2018-01-11'),
(30,28,'2018-09-02'),
(30,22,'2018-07-11'),
(30,29,'2018-07-12'),
(30,11,'2018-10-24'),
(31,18,'2018-10-15'),
(31,14,'2018-09-16'),
(31,28,'2018-05-28'),
(31,23,'2018-01-19'),
(31,26,'2018-03-25'),
(31,12,'2018-06-08'),
(31,27,'2018-04-24'),
(31,13,'2018-04-28'),
(32,10,'2018-02-27'),
(32,27,'2018-09-29'),
(32,26,'2018-11-27'),
(32,28,'2018-04-06'),
(32,23,'2018-06-11'),
(32,22,'2018-01-16'),
(32,11,'2018-03-06'),
(32,21,'2018-07-01'),
(32,30,'2018-08-18'),
(32,20,'2018-02-24'),
(32,25,'2018-11-21'),
(32,14,'2018-05-12'),
(33,17,'2018-06-21'),
(33,21,'2018-04-04'),
(33,18,'2018-08-01'),
(33,28,'2018-07-08'),
(33,29,'2018-09-21'),
(33,14,'2018-06-12'),
(33,23,'2018-06-27'),
(34,26,'2018-04-11'),
(35,28,'2018-09-26'),
(35,25,'2018-03-30'),
(35,26,'2018-06-08'),
(35,18,'2018-02-06'),
(35,17,'2018-05-11'),
(35,22,'2018-04-27'),
(35,10,'2018-12-24'),
(35,30,'2018-09-11'),
(36,14,'2018-06-28'),
(36,25,'2018-11-05'),
(36,18,'2018-04-18'),
(36,23,'2018-11-06'),
(36,10,'2018-02-21'),
(36,20,'2018-02-03'),
(36,12,'2018-11-08'),
(36,29,'2018-10-05'),
(36,22,'2018-02-18'),
(36,17,'2018-04-18'),
(36,16,'2018-11-17'),
(36,27,'2018-03-10'),
(36,15,'2018-01-07'),
(36,24,'2018-08-14'),
(37,18,'2018-12-15'),
(37,28,'2018-03-18'),
(37,20,'2018-10-23'),
(37,14,'2018-06-02'),
(37,17,'2018-09-14'),
(38,29,'2018-02-20'),
(38,30,'2018-05-08'),
(38,12,'2018-08-28'),
(38,26,'2018-10-13'),
(38,24,'2018-07-11'),
(38,23,'2018-11-25'),
(38,20,'2018-01-07'),
(38,27,'2018-04-22'),
(38,16,'2018-07-11'),
(38,19,'2018-08-14'),
(38,22,'2018-06-08'),
(39,29,'2018-02-21'),
(39,24,'2018-04-17'),
(39,26,'2018-10-01'),
(39,18,'2018-01-20'),
(39,19,'2018-06-27'),
(39,27,'2018-12-24'),
(39,25,'2018-05-31'),
(39,17,'2018-06-19'),
(39,13,'2018-06-20'),
(39,22,'2018-01-16'),
(39,15,'2018-07-15'),
(39,10,'2018-11-15'),
(39,11,'2018-08-17'),
(40,18,'2018-04-28'),
(40,23,'2018-09-11'),
(41,28,'2018-06-04'),
(41,15,'2018-09-04'),
(41,26,'2018-05-22'),
(41,21,'2018-11-26'),
(41,11,'2018-11-28'),
(41,22,'2018-12-19'),
(41,29,'2018-02-02'),
(41,14,'2018-12-07'),
(41,23,'2018-08-17'),
(41,30,'2018-11-14'),
(41,25,'2018-05-08'),
(42,12,'2018-12-31'),
(42,14,'2018-05-12'),
(42,25,'2018-03-16'),
(42,16,'2018-02-06'),
(42,18,'2018-07-03'),
(42,17,'2018-08-02'),
(42,13,'2018-05-18'),
(42,28,'2018-12-30'),
(42,19,'2018-10-20'),
(42,27,'2018-08-14'),
(42,29,'2018-12-17'),
(43,10,'2018-11-22'),
(44,27,'2018-10-03'),
(44,21,'2018-06-29'),
(44,17,'2018-08-12'),
(44,22,'2018-05-27'),
(44,13,'2018-08-07'),
(44,25,'2018-10-18'),
(45,29,'2018-07-19'),
(45,21,'2018-06-24'),
(45,12,'2018-03-30'),
(45,30,'2018-02-14'),
(45,10,'2018-06-08'),
(45,14,'2018-02-02'),
(45,27,'2018-03-16'),
(46,19,'2018-12-29'),
(46,15,'2018-06-05'),
(46,22,'2018-08-17'),
(46,29,'2018-08-26'),
(46,21,'2018-03-09'),
(46,30,'2018-05-15'),
(46,28,'2018-01-17'),
(46,18,'2018-08-20'),
(46,16,'2018-05-16'),
(46,14,'2018-05-07'),
(46,27,'2018-11-29'),
(47,22,'2018-06-28'),
(48,19,'2018-01-31'),
(48,27,'2018-10-15'),
(48,12,'2018-07-08'),
(48,29,'2018-04-01'),
(48,24,'2018-02-15'),
(48,17,'2018-04-12'),
(48,13,'2018-08-09'),
(49,17,'2018-06-22'),
(50,18,'2018-01-16'),
(50,17,'2018-03-15'),
(50,21,'2018-01-03'),
(50,22,'2018-10-06'),
(51,26,'2018-08-18'),
(51,29,'2018-06-07'),
(51,30,'2018-09-14'),
(51,25,'2018-10-26'),
(51,10,'2018-08-24'),
(51,21,'2018-05-21'),
(51,19,'2018-08-14'),
(51,14,'2018-02-09'),
(51,28,'2018-08-20'),
(51,22,'2018-08-05'),
(51,15,'2018-08-10'),
(51,11,'2018-05-06'),
(52,13,'2018-08-26'),
(52,20,'2018-02-23'),
(52,14,'2018-04-27'),
(52,22,'2018-01-02'),
(52,23,'2018-02-24'),
(52,11,'2018-05-11'),
(52,10,'2018-08-02'),
(52,12,'2018-03-07'),
(52,21,'2018-10-17'),
(52,19,'2018-07-08'),
(52,24,'2018-07-17'),
(52,29,'2018-04-16'),
(53,10,'2018-06-27'),
(53,28,'2018-04-20'),
(53,12,'2018-03-26'),
(53,29,'2018-11-12'),
(53,23,'2018-05-02'),
(53,17,'2018-04-05'),
(53,21,'2018-04-25'),
(53,13,'2018-06-20'),
(53,18,'2018-05-29'),
(53,20,'2018-07-13'),
(53,19,'2018-06-05'),
(54,26,'2018-11-24'),
(54,17,'2018-09-13'),
(54,11,'2018-01-10'),
(54,21,'2018-05-30'),
(54,18,'2018-06-05'),
(55,30,'2018-05-18'),
(56,23,'2018-07-12'),
(56,21,'2018-09-12'),
(56,20,'2018-11-05'),
(56,12,'2018-10-18'),
(56,30,'2018-02-11'),
(56,24,'2018-05-26'),
(56,18,'2018-10-08'),
(56,15,'2018-08-09'),
(56,27,'2018-06-07'),
(56,10,'2018-01-19'),
(56,28,'2018-07-08'),
(56,19,'2018-04-11'),
(56,29,'2018-11-21'),
(57,15,'2018-01-06'),
(57,20,'2018-04-09'),
(57,28,'2018-08-17'),
(57,24,'2018-05-01'),
(57,10,'2018-08-23'),
(57,12,'2018-08-09'),
(57,16,'2018-08-21'),
(57,17,'2018-08-12'),
(57,29,'2018-05-13'),
(57,13,'2018-04-05'),
(58,11,'2018-06-16'),
(58,29,'2018-11-14'),
(58,30,'2018-05-25'),
(58,19,'2018-08-28'),
(58,28,'2018-03-04'),
(58,27,'2018-11-21'),
(58,26,'2018-07-27'),
(59,17,'2018-01-23'),
(59,21,'2018-08-07'),
(59,16,'2018-04-16'),
(59,23,'2018-07-19'),
(59,22,'2018-05-15'),
(59,12,'2018-06-28'),
(59,13,'2018-07-03'),
(59,30,'2018-02-09'),
(59,29,'2018-10-31'),
(60,21,'2018-01-08'),
(60,28,'2018-01-21'),
(60,16,'2018-07-08'),
(60,22,'2018-02-26'),
(60,15,'2018-02-04'),
(60,14,'2018-05-05'),
(60,17,'2018-09-10'),
(61,19,'2018-09-15'),
(61,16,'2018-05-11'),
(61,10,'2018-05-17'),
(61,24,'2018-08-09'),
(61,15,'2018-05-10'),
(61,30,'2018-08-01'),
(61,25,'2018-06-29'),
(61,27,'2018-08-20'),
(61,12,'2018-07-20'),
(61,26,'2018-03-07'),
(61,14,'2018-09-18'),
(61,20,'2018-12-27'),
(61,17,'2018-04-30'),
(61,11,'2018-08-05'),
(61,18,'2018-05-12'),
(61,29,'2018-03-24'),
(62,25,'2018-01-24'),
(62,12,'2018-05-17'),
(62,14,'2018-05-08'),
(62,20,'2018-12-10'),
(62,15,'2018-01-13'),
(62,16,'2018-05-26'),
(63,19,'2018-08-19'),
(63,13,'2018-05-26'),
(63,10,'2018-08-26'),
(63,23,'2018-10-02'),
(63,12,'2018-08-28'),
(63,27,'2018-12-19'),
(63,25,'2018-06-16'),
(64,29,'2018-07-11'),
(64,19,'2018-03-13'),
(64,22,'2018-10-28'),
(64,10,'2018-04-15'),
(64,13,'2018-09-25'),
(64,18,'2018-01-02'),
(64,17,'2018-05-14'),
(64,15,'2018-12-24'),
(64,16,'2018-12-07'),
(64,24,'2018-04-03'),
(64,28,'2018-09-06'),
(65,28,'2018-07-26'),
(65,12,'2018-06-20'),
(65,17,'2018-08-09'),
(65,20,'2018-08-08'),
(65,30,'2018-07-03'),
(65,27,'2018-02-17'),
(65,23,'2018-04-07'),
(66,25,'2018-03-29'),
(66,27,'2018-09-19'),
(66,24,'2018-07-02'),
(66,14,'2018-02-03'),
(66,17,'2018-11-16'),
(66,16,'2018-03-13'),
(66,22,'2018-04-20'),
(66,10,'2018-09-27'),
(66,21,'2018-07-01'),
(67,12,'2018-07-18'),
(67,15,'2018-05-24'),
(67,28,'2018-05-21'),
(68,10,'2018-05-18'),
(68,16,'2018-12-24'),
(68,21,'2018-05-08'),
(68,13,'2018-12-29'),
(68,25,'2018-12-26'),
(68,15,'2018-07-05'),
(68,20,'2018-05-30'),
(68,26,'2018-10-26'),
(68,19,'2018-10-29'),
(68,14,'2018-11-12'),
(68,24,'2018-12-11'),
(68,28,'2018-09-10'),
(68,29,'2018-11-29'),
(69,16,'2018-10-08'),
(69,10,'2018-06-26'),
(69,21,'2018-05-19'),
(69,22,'2018-08-30'),
(69,28,'2018-08-28'),
(69,25,'2018-10-11'),
(69,30,'2018-09-04'),
(69,24,'2018-01-06'),
(69,15,'2018-03-25'),
(69,13,'2018-12-15'),
(70,30,'2018-11-30'),
(70,13,'2018-04-26'),
(70,11,'2018-02-26'),
(70,28,'2018-01-23'),
(70,26,'2018-03-19'),
(70,18,'2018-01-30'),
(70,19,'2018-08-16'),
(70,24,'2018-12-26'),
(71,21,'2018-03-22'),
(71,25,'2018-11-15'),
(71,28,'2018-04-04'),
(71,19,'2018-11-24'),
(71,13,'2018-09-04'),
(71,16,'2018-11-27'),
(72,27,'2018-11-11'),
(72,23,'2018-02-21'),
(72,15,'2018-07-01'),
(72,19,'2018-09-12'),
(72,17,'2018-07-24'),
(72,20,'2018-12-04'),
(72,12,'2018-11-01'),
(72,25,'2018-11-20'),
(72,26,'2018-04-18'),
(73,26,'2018-12-22'),
(73,29,'2018-01-29'),
(74,19,'2018-04-12'),
(74,22,'2018-11-29'),
(74,20,'2018-03-13'),
(74,12,'2018-06-09'),
(74,16,'2018-10-01'),
(74,28,'2018-04-29'),
(74,21,'2018-08-28'),
(74,13,'2018-04-09'),
(75,26,'2018-06-22'),
(75,29,'2018-04-24'),
(75,23,'2018-01-08'),
(75,15,'2018-07-07'),
(75,11,'2018-07-30'),
(75,30,'2018-09-13'),
(76,28,'2018-11-11'),
(76,25,'2018-10-10'),
(76,20,'2018-05-27'),
(76,19,'2018-08-06'),
(76,17,'2018-07-27'),
(76,29,'2018-02-28'),
(76,21,'2018-09-22'),
(76,14,'2018-11-25'),
(76,27,'2018-06-28'),
(76,26,'2018-07-10'),
(76,22,'2018-06-08'),
(76,11,'2018-08-17'),
(76,23,'2018-04-02'),
(77,28,'2018-05-30'),
(77,11,'2018-05-30'),
(77,30,'2018-11-03'),
(77,20,'2018-10-22'),
(77,14,'2018-01-17'),
(77,15,'2018-11-23'),
(78,18,'2018-09-06'),
(78,21,'2018-02-17'),
(78,16,'2018-04-23'),
(78,17,'2018-11-14'),
(78,22,'2018-02-15'),
(78,12,'2018-06-11'),
(78,27,'2018-04-21'),
(78,11,'2018-09-20'),
(79,15,'2018-10-03'),
(79,24,'2018-08-23'),
(79,23,'2018-01-11'),
(79,26,'2018-02-22'),
(79,12,'2018-07-28'),
(79,22,'2018-08-12'),
(79,19,'2018-07-27'),
(79,10,'2018-05-29'),
(79,21,'2018-04-10'),
(79,16,'2018-05-12'),
(79,18,'2018-03-27'),
(80,13,'2018-12-15'),
(80,19,'2018-09-27'),
(80,22,'2018-01-21'),
(80,28,'2018-01-05'),
(80,15,'2018-03-06'),
(80,17,'2018-09-11'),
(80,12,'2018-07-18'),
(80,25,'2018-06-01'),
(80,10,'2018-02-20'),
(80,16,'2018-09-22'),
(80,24,'2018-01-16'),
(81,20,'2018-08-13'),
(81,30,'2018-07-31'),
(81,21,'2018-06-15'),
(81,12,'2018-04-10'),
(81,15,'2018-10-11'),
(81,26,'2018-04-02'),
(81,29,'2018-07-02'),
(81,19,'2018-10-17'),
(81,27,'2018-08-09'),
(81,17,'2018-05-23'),
(81,22,'2018-10-31'),
(81,10,'2018-09-04'),
(81,25,'2018-07-23'),
(82,15,'2018-05-14'),
(82,14,'2018-07-21'),
(82,17,'2018-09-20'),
(82,21,'2018-11-19'),
(83,24,'2018-06-09'),
(83,20,'2018-08-21'),
(83,21,'2018-07-16'),
(83,19,'2018-03-30'),
(83,16,'2018-03-05'),
(83,30,'2018-03-21'),
(84,19,'2018-07-15'),
(84,14,'2018-09-26'),
(84,11,'2018-01-07'),
(84,12,'2018-02-13'),
(84,17,'2018-08-15'),
(84,30,'2018-10-02'),
(85,30,'2018-09-29'),
(85,10,'2018-05-27'),
(85,15,'2018-02-19'),
(85,27,'2018-08-30'),
(85,11,'2018-12-11'),
(85,13,'2018-01-23'),
(85,12,'2018-01-30'),
(85,14,'2018-02-16'),
(85,21,'2018-01-25'),
(85,23,'2018-01-16'),
(85,26,'2018-04-06'),
(85,25,'2018-05-24'),
(85,20,'2018-03-14'),
(85,16,'2018-05-21'),
(85,19,'2018-09-03'),
(85,22,'2018-06-24'),
(86,18,'2018-09-23'),
(86,24,'2018-09-14'),
(86,26,'2018-07-24'),
(86,30,'2018-10-06'),
(86,12,'2018-08-15'),
(86,10,'2018-08-04'),
(86,13,'2018-08-18'),
(86,23,'2018-01-18'),
(86,17,'2018-04-30'),
(86,27,'2018-09-29'),
(86,15,'2018-09-13'),
(86,29,'2018-10-01'),
(86,25,'2018-12-29'),
(87,16,'2018-11-25'),
(87,25,'2018-07-30'),
(87,30,'2018-08-27'),
(87,21,'2018-10-06'),
(87,17,'2018-07-16'),
(87,11,'2018-04-05'),
(87,23,'2018-04-15'),
(87,10,'2018-12-30'),
(87,24,'2018-10-02'),
(87,19,'2018-03-09'),
(87,28,'2018-05-05'),
(87,15,'2019-01-01'),
(87,14,'2018-11-26'),
(88,20,'2018-05-20'),
(88,19,'2018-05-17'),
(88,23,'2018-01-11'),
(88,30,'2018-10-11'),
(88,12,'2018-01-06'),
(88,13,'2018-04-14'),
(88,22,'2018-06-04'),
(88,28,'2018-08-04'),
(88,27,'2018-03-31'),
(88,14,'2018-10-12'),
(88,26,'2018-02-08'),
(88,16,'2018-06-06'),
(88,18,'2018-08-26'),
(89,17,'2018-02-25'),
(89,25,'2018-10-13'),
(89,18,'2018-07-03'),
(89,26,'2018-01-24'),
(89,21,'2018-01-13'),
(89,15,'2018-08-07'),
(89,19,'2018-01-02'),
(89,30,'2018-06-29'),
(89,28,'2018-04-22'),
(89,11,'2018-08-22'),
(90,12,'2018-07-24'),
(90,23,'2018-01-28'),
(90,27,'2018-07-13'),
(90,28,'2018-02-26'),
(90,17,'2018-11-14'),
(90,11,'2018-10-23'),
(90,25,'2018-08-30'),
(90,21,'2018-12-23'),
(90,16,'2018-06-08'),
(90,24,'2018-06-17'),
(90,19,'2018-08-10'),
(90,22,'2018-04-17'),
(90,29,'2018-07-25'),
(90,18,'2018-05-30'),
(91,20,'2018-02-09'),
(91,22,'2018-03-29'),
(91,29,'2018-08-30'),
(91,30,'2018-11-12'),
(91,25,'2018-09-29'),
(91,19,'2018-02-17'),
(91,16,'2018-09-17'),
(91,10,'2018-09-29'),
(91,23,'2018-04-23'),
(91,15,'2018-06-04'),
(91,17,'2018-09-14'),
(91,21,'2018-07-31'),
(92,25,'2018-11-22'),
(92,29,'2018-09-17'),
(92,10,'2018-03-13'),
(92,13,'2018-09-17'),
(92,28,'2018-05-26'),
(92,21,'2018-02-05'),
(92,27,'2018-10-23'),
(92,26,'2018-02-24'),
(93,17,'2018-06-27'),
(93,25,'2018-08-28'),
(93,27,'2018-03-12'),
(93,10,'2018-09-30'),
(93,20,'2018-06-07'),
(93,23,'2018-06-09'),
(93,22,'2018-08-13'),
(93,21,'2018-10-13'),
(93,18,'2018-09-30'),
(93,15,'2018-12-15'),
(93,16,'2018-07-03'),
(93,19,'2018-05-28'),
(93,28,'2018-06-26'),
(93,26,'2018-05-05'),
(94,15,'2018-05-01'),
(94,17,'2018-04-15'),
(94,10,'2018-02-17'),
(94,20,'2018-02-25'),
(94,23,'2018-01-31'),
(94,24,'2018-10-11'),
(94,12,'2018-01-08'),
(94,11,'2018-07-29'),
(94,21,'2018-09-08'),
(94,30,'2018-11-21'),
(94,16,'2018-12-21'),
(94,14,'2018-09-17'),
(95,20,'2018-10-23'),
(95,28,'2018-03-13'),
(95,24,'2018-01-19'),
(95,30,'2018-09-15'),
(95,18,'2018-10-15'),
(96,20,'2018-07-19'),
(96,26,'2018-11-11'),
(96,22,'2018-03-08'),
(96,28,'2018-09-22'),
(96,29,'2018-04-08'),
(96,24,'2018-07-01'),
(97,13,'2018-01-01'),
(97,21,'2018-06-10'),
(97,15,'2018-06-11'),
(97,17,'2018-08-12'),
(97,24,'2018-01-21'),
(97,27,'2018-02-11'),
(97,16,'2018-08-29'),
(97,20,'2018-12-01'),
(97,28,'2018-12-05'),
(97,18,'2018-07-02'),
(97,14,'2018-12-17'),
(98,13,'2018-12-28'),
(98,15,'2018-12-14'),
(98,24,'2018-06-30'),
(98,26,'2018-03-21'),
(98,14,'2018-10-21'),
(98,17,'2018-01-11'),
(98,30,'2018-01-26'),
(98,29,'2018-09-19'),
(98,20,'2018-10-25'),
(98,12,'2018-01-17'),
(98,11,'2018-09-02'),
(98,28,'2018-01-09'),
(98,23,'2018-10-14'),
(99,11,'2018-11-23'),
(99,14,'2018-11-08'),
(99,25,'2018-05-24'),
(100,10,'2018-10-31'),
(100,27,'2018-10-18'),
(100,18,'2018-11-08'),
(100,11,'2018-03-19'),
(100,17,'2018-04-22'),
(100,20,'2018-08-21');




INSERT INTO `casa_disco2`.`evento`
(`luogo`,`data`,`numero_ospiti`,`costo_totale`,`tipo`,`cliente`)
VALUES
('Palasport Olimpico','2018-11-27',4408,5515.4,'Evento pubblico',26),
('Mediolanum Forum','2018-03-13',2647,5547.3,'Evento pubblico',14),
('Mediolanum Forum','2018-05-30',7018,5240.4,'Evento pubblico',9),
('Mediolanum Forum','2018-10-24',12238,5739.8,'Evento pubblico',9),
('PalaLottomatica','2018-03-20',14031,4922.5,'Evento pubblico',1),
('Unipol Arena','2018-07-17',1310,5073.2,'Evento privato',16),
('Unipol Arena','2018-08-27',3665,4562.8,'Evento pubblico',11),
('Unipol Arena','2018-03-28',18781,5559.4,'Evento pubblico',22),
('Adriatic Arena','2018-03-08',8456,4789.4,'Evento pubblico',14),
('Adriatic Arena','2018-02-18',1253,5442.8,'Evento privato',23),
('Adriatic Arena','2018-12-22',9508,4657.4,'Evento pubblico',1),
('PalaCalafiore','2018-07-29',9806,5525.3,'Evento pubblico',30),
('PalaCalafiore','2018-04-25',16117,5712.3,'Evento pubblico',6),
('PalaCalafiore','2018-08-02',17201,5304.2,'Evento pubblico',29),
('Palazzo a Vela','2018-01-07',16846,5843.2,'Evento pubblico',5),
('Palazzo a Vela','2018-11-19',13203,4508.9,'Evento pubblico',9),
('Modigliani Forum','2018-07-12',12325,4505.6,'Evento pubblico',13),
('Modigliani Forum','2018-10-26',16787,4567.2,'Evento pubblico',25),
('Modigliani Forum','2018-12-29',13734,4862,'Evento pubblico',20),
('PalaSele','2018-12-08',16577,4981.9,'Evento pubblico',8),
('Nelson Mandela Forum','2018-06-07',16742,4545.2,'Evento pubblico',25),
('Palaonda','2018-03-18',11087,4532,'Evento pubblico',23),
('Palaonda','2018-08-12',8053,4645.3,'Evento pubblico',23),
('Palaonda','2018-08-14',13494,5051.2,'Evento pubblico',29),
('PalaMaggiò','2018-06-11',3749,5398.8,'Evento pubblico',22),
('PalaMaggiò','2018-04-14',1040,5619.9,'Evento privato',13),
('PalaTrieste','2018-02-28',9848,5936.7,'Evento pubblico',7),
('PalaTrieste','2018-07-11',8101,4730,'Evento pubblico',25),
('PalaDesio','2018-04-21',770,4800.4,'Evento privato',28),
('PalaDesio','2018-12-16',12377,4675,'Evento pubblico',25),
('PalaDesio','2018-10-04',176,5809.1,'Festa compleanno',29),
('PalaFlorio','2018-02-15',10372,4900.5,'Evento pubblico',22),
('PalaFlorio','2018-06-07',14699,5473.6,'Evento pubblico',18),
('PalaFlorio','2018-04-02',4271,6165.5,'Evento pubblico',15),
('PalaTupparello','2018-02-07',10522,5754.1,'Evento pubblico',4),
('PalaTupparello','2018-02-13',10946,4909.3,'Evento pubblico',2),
('PalaTupparello','2018-10-11',4465,6083,'Evento pubblico',15),
('Palasport Fondo Patti','2018-05-04',8935,4884,'Evento pubblico',14),
('PalaGalassi','2018-08-10',9123,5220.6,'Evento pubblico',19),
('PalaDozza','2018-04-10',15601,5492.3,'Evento pubblico',26),
('PalaDozza','2018-07-01',5815,5047.9,'Evento pubblico',4),
('PalaDozza','2018-04-02',8660,5500,'Evento pubblico',14),
('PalaBarbuto','2018-10-01',7200,4261.4,'Evento pubblico',15),
('Stadium (Genova)','2018-01-01',5944,4644.2,'Evento pubblico',14),
('Stadium (Genova)','2018-11-17',2939,4094.2,'Evento pubblico',28),
('Stadium (Genova)','2018-04-30',14585,4843.3,'Evento pubblico',20),
('PalaOlimpia','2018-07-25',19929,5074.3,'Evento pubblico',20),
('PalaOlimpia','2018-01-26',12351,4406.6,'Evento pubblico',29),
('PalaOlimpia','2018-10-03',13847,4459.4,'Evento pubblico',10);

INSERT INTO `casa_disco2`.`partecipazione`
(`evento_luogo`,`evento_data`,`artista`)
VALUES
('Palasport Olimpico','2018-11-27',12),
('Palasport Olimpico','2018-11-27',7),
('Palasport Olimpico','2018-11-27',26),
('Mediolanum Forum','2018-03-13',24),
('Mediolanum Forum','2018-03-13',25),
('Mediolanum Forum','2018-03-13',28),
('Mediolanum Forum','2018-05-30',16),
('Mediolanum Forum','2018-05-30',7),
('Mediolanum Forum','2018-05-30',10),
('Mediolanum Forum','2018-10-24',18),
('Mediolanum Forum','2018-10-24',7),
('Mediolanum Forum','2018-10-24',20),
('PalaLottomatica','2018-03-20',3),
('PalaLottomatica','2018-03-20',16),
('PalaLottomatica','2018-03-20',10),
('Unipol Arena','2018-07-17',3),
('Unipol Arena','2018-07-17',7),
('Unipol Arena','2018-07-17',12),
('Unipol Arena','2018-08-27',21),
('Unipol Arena','2018-08-27',24),
('Unipol Arena','2018-08-27',10),
('Unipol Arena','2018-03-28',21),
('Unipol Arena','2018-03-28',16),
('Unipol Arena','2018-03-28',9),
('Adriatic Arena','2018-03-08',11),
('Adriatic Arena','2018-03-08',8),
('Adriatic Arena','2018-03-08',4),
('Adriatic Arena','2018-02-18',27),
('Adriatic Arena','2018-02-18',26),
('Adriatic Arena','2018-02-18',1),
('Adriatic Arena','2018-12-22',22),
('Adriatic Arena','2018-12-22',13),
('Adriatic Arena','2018-12-22',20),
('PalaCalafiore','2018-07-29',8),
('PalaCalafiore','2018-07-29',2),
('PalaCalafiore','2018-07-29',5),
('PalaCalafiore','2018-04-25',26),
('PalaCalafiore','2018-04-25',8),
('PalaCalafiore','2018-04-25',1),
('PalaCalafiore','2018-08-02',3),
('PalaCalafiore','2018-08-02',24),
('Palazzo a Vela','2018-01-07',20),
('Palazzo a Vela','2018-01-07',19),
('Palazzo a Vela','2018-01-07',2),
('Palazzo a Vela','2018-11-19',17),
('Palazzo a Vela','2018-11-19',25),
('Palazzo a Vela','2018-11-19',22),
('Modigliani Forum','2018-07-12',15),
('Modigliani Forum','2018-07-12',6),
('Modigliani Forum','2018-07-12',5),
('Modigliani Forum','2018-10-26',12),
('Modigliani Forum','2018-10-26',11),
('Modigliani Forum','2018-10-26',22),
('Modigliani Forum','2018-12-29',13),
('Modigliani Forum','2018-12-29',12),
('Modigliani Forum','2018-12-29',8),
('PalaSele','2018-12-08',5),
('PalaSele','2018-12-08',10),
('PalaSele','2018-12-08',2),
('Nelson Mandela Forum','2018-06-07',14),
('Nelson Mandela Forum','2018-06-07',22),
('Nelson Mandela Forum','2018-06-07',18),
('Palaonda','2018-03-18',3),
('Palaonda','2018-03-18',20),
('Palaonda','2018-03-18',4),
('Palaonda','2018-08-12',5),
('Palaonda','2018-08-12',10),
('Palaonda','2018-08-12',24),
('Palaonda','2018-08-14',10),
('Palaonda','2018-08-14',19),
('Palaonda','2018-08-14',23),
('PalaMaggiò','2018-06-11',28),
('PalaMaggiò','2018-06-11',9),
('PalaMaggiò','2018-06-11',4),
('PalaMaggiò','2018-04-14',16),
('PalaMaggiò','2018-04-14',8),
('PalaMaggiò','2018-04-14',24),
('PalaTrieste','2018-02-28',18),
('PalaTrieste','2018-02-28',9),
('PalaTrieste','2018-02-28',6),
('PalaTrieste','2018-07-11',12),
('PalaTrieste','2018-07-11',27),
('PalaTrieste','2018-07-11',20),
('PalaDesio','2018-04-21',1),
('PalaDesio','2018-04-21',15),
('PalaDesio','2018-04-21',11),
('PalaDesio','2018-12-16',17),
('PalaDesio','2018-12-16',22),
('PalaDesio','2018-12-16',23),
('PalaDesio','2018-10-04',8),
('PalaDesio','2018-10-04',11),
('PalaDesio','2018-10-04',2),
('PalaFlorio','2018-02-15',13),
('PalaFlorio','2018-02-15',17),
('PalaFlorio','2018-02-15',1),
('PalaFlorio','2018-06-07',2),
('PalaFlorio','2018-06-07',7),
('PalaFlorio','2018-04-02',28),
('PalaFlorio','2018-04-02',26),
('PalaFlorio','2018-04-02',19),
('PalaTupparello','2018-02-07',11),
('PalaTupparello','2018-02-07',28),
('PalaTupparello','2018-02-07',8),
('PalaTupparello','2018-02-13',20),
('PalaTupparello','2018-02-13',8),
('PalaTupparello','2018-02-13',22),
('PalaTupparello','2018-10-11',28),
('PalaTupparello','2018-10-11',18),
('PalaTupparello','2018-10-11',16),
('Palasport Fondo Patti','2018-05-04',25),
('Palasport Fondo Patti','2018-05-04',10),
('Palasport Fondo Patti','2018-05-04',16),
('PalaGalassi','2018-08-10',6),
('PalaGalassi','2018-08-10',25),
('PalaGalassi','2018-08-10',8),
('PalaDozza','2018-04-10',3),
('PalaDozza','2018-04-10',9),
('PalaDozza','2018-07-01',7),
('PalaDozza','2018-07-01',22),
('PalaDozza','2018-07-01',20),
('PalaDozza','2018-04-02',2),
('PalaDozza','2018-04-02',5),
('PalaDozza','2018-04-02',24),
('PalaBarbuto','2018-10-01',22),
('PalaBarbuto','2018-10-01',13),
('Stadium (Genova)','2018-01-01',25),
('Stadium (Genova)','2018-01-01',12),
('Stadium (Genova)','2018-01-01',13),
('Stadium (Genova)','2018-11-17',22),
('Stadium (Genova)','2018-11-17',14),
('Stadium (Genova)','2018-11-17',27),
('Stadium (Genova)','2018-04-30',11),
('Stadium (Genova)','2018-04-30',21),
('Stadium (Genova)','2018-04-30',13),
('PalaOlimpia','2018-07-25',26),
('PalaOlimpia','2018-07-25',3),
('PalaOlimpia','2018-07-25',10),
('PalaOlimpia','2018-01-26',5),
('PalaOlimpia','2018-01-26',22),
('PalaOlimpia','2018-01-26',17),
('PalaOlimpia','2018-10-03',13),
('PalaOlimpia','2018-10-03',20),
('PalaOlimpia','2018-10-03',4),
('PalaCalafiore','2018-08-02',23),
('PalaFlorio','2018-06-07',22),
('PalaDozza','2018-04-10',10),
('PalaBarbuto','2018-10-01',25);
